FirstName,Initials ,LastName ,FullName,UserLogonName,Groupe,Password
Oliver,OK,KOMSKI,Oliver KOMSKI,koliver,gDirection,Azerty123
Daphné,DM,MEYNOT,Daphné MEYNOT,dmeynot,gDirection,Azerty123
Julie,JB,BERTALI,Julie BERTALI,jbertali,gMetiers,Azerty123
Yves,YT,TYRAEL,Yves TYRAEL,ytyrael,gMetiers,Azerty123
Paolo,PN,NOLAN,Paolo NOLAN,pnolan,gMetiers,Azerty123
Olivier,OR,ROUSSEAUX,Oliver ROUSSEAUX,orousseaux,gMetiers,Azerty123
Pedro,PA,AUBERGIER,Pedro AUBERGIER,paubergier,gComm,Azerty123
Ludwig,LC,CORRET,Ludwig CORRET,lcorret,gComm,Azerty123
Hervé,HL,LELEU,Hervé LELEU,hleleu,gComm,Azerty123
Philippe,PM,MARIE,Philippe MARIE,pmarie,gFinance,Azerty123
Denise,DD,DUPRE,Denise DUPRE,ddupre,gFinance,Azerty123
Baptiste,BC,COLMARD,Baptiste COLMARD,bcolmard,gFinance,Azerty123
Laura,LD,DEGET,Laura DEGET,ldeget,gFinance,Azerty123
Denise,DV,VINITOST,Denise VINITOST,dvinitost,gRH,Azerty123
Sylvie,SD,DUCHENE,Sylvie DUCHENE,sduchene,gRH,Azerty123
Didier,DA,ARNAUD,Didier ARNAUD,darnaud,gRH,Azerty123